<component name="ArtifactManager">
  <artifact type="jar" name="Duckery:jar">
    <output-path>$PROJECT_DIR$/out/artifacts/Duckery_jar</output-path>
    <root id="archive" name="Duckery.jar">
      <element id="module-output" name="Duckery" />
      <element id="extracted-dir" path="$PROJECT_DIR$/../slick/lib/ibxm.jar" path-in-jar="/" />
      <element id="extracted-dir" path="$PROJECT_DIR$/../slick/lib/jinput.jar" path-in-jar="/" />
      <element id="extracted-dir" path="$PROJECT_DIR$/../slick/lib/jnlp.jar" path-in-jar="/" />
      <element id="extracted-dir" path="$PROJECT_DIR$/../slick/lib/jogg-0.0.7.jar" path-in-jar="/" />
      <element id="extracted-dir" path="$PROJECT_DIR$/../slick/lib/jorbis-0.0.15.jar" path-in-jar="/" />
      <element id="extracted-dir" path="$PROJECT_DIR$/../slick/lib/lwjgl.jar" path-in-jar="/" />
      <element id="extracted-dir" path="$PROJECT_DIR$/../slick/lib/lwjgl_util.jar" path-in-jar="/" />
      <element id="extracted-dir" path="$PROJECT_DIR$/../slick/lib/lwjgl_util_applet.jar" path-in-jar="/" />
      <element id="extracted-dir" path="$PROJECT_DIR$/../slick/lib/natives-linux.jar" path-in-jar="/" />
      <element id="extracted-dir" path="$PROJECT_DIR$/../slick/lib/natives-mac.jar" path-in-jar="/" />
      <element id="extracted-dir" path="$PROJECT_DIR$/../slick/lib/natives-windows.jar" path-in-jar="/" />
      <element id="extracted-dir" path="$PROJECT_DIR$/../slick/lib/slick-examples.jar" path-in-jar="/" />
      <element id="extracted-dir" path="$PROJECT_DIR$/../slick/lib/slick.jar" path-in-jar="/" />
      <element id="extracted-dir" path="$PROJECT_DIR$/../slick/lib/tinylinepp.jar" path-in-jar="/" />
      <element id="extracted-dir" path="$PROJECT_DIR$/../slick/Pack200Task.jar" path-in-jar="/" />
      <element id="library" level="project" name="natives" />
    </root>
  </artifact>
</component>